100;Sybille;5;6;59335;HR
101;Brana;3;7;92903;developer
102;Elie;4;9;66144;"police officer "
103;Vanessa;10;1;66979;developer
104;Georgina;8;8;91084;Pilot
105;Hallie;6;8;67296;HR
106;Tera;9;6;58588;Pilot
107;Lorne;1;9;97704;doctor
108;Catrina;1;5;54856;firefighter
109;Verla;7;4;70906;worker
110;Wendi;3;8;59690;doctor
111;Valera;4;10;58275;Pilot
112;Loree;8;6;66274;HR
113;Sherrie;6;1;82475;HR
114;Alejandra;9;5;99923;"police officer "
115;Cathie;6;10;89922;worker
116;Cordi;5;8;89363;developer
117;Queenie;8;10;60108;Pilot
118;Vonny;9;9;82456;HR
119;Brooks;5;4;77539;developer
120;Valera;7;5;82888;Civil Engineer
121;Ulrike;1;10;94811;firefighter
122;Tabbatha;8;9;66930;developer
123;Merci;7;10;71113;Pilot
124;Bill;9;9;66320;HR
125;Annice;7;4;75957;"police officer "
126;Lucille;2;7;56496;worker
127;Cristine;7;2;71730;developer
128;Merle;4;1;93208;worker
129;Caressa;5;8;83827;firefighter
130;Danny;5;8;89594;doctor
131;Perry;1;3;99786;Pilot
132;Xylina;9;1;84459;developer
133;Alisha;3;10;74524;firefighter
134;Giustina;10;4;94493;"police officer "
135;Leia;9;3;66387;worker
136;Tatiania;6;10;68930;developer
137;Dyann;7;7;61144;doctor
138;Dode;1;3;73230;worker
139;Jany;6;10;71377;"police officer "
140;Veda;5;7;97316;HR
141;Ursulina;7;10;89472;"police officer "
142;Kassey;10;7;67066;Pilot
143;Jessy;1;4;84580;doctor
144;Adelle;5;1;52479;Civil Engineer
145;Cecile;7;6;67198;Pilot
146;Kellen;10;9;80227;worker
147;Arabel;8;3;80811;Civil Engineer
148;Kara-Lynn;2;2;98403;doctor
149;Yolane;10;8;65940;developer
150;Wileen;2;6;74369;HR
151;Sallie;1;8;83557;Civil Engineer
152;Nollie;8;1;86355;developer
153;Ekaterina;8;4;68499;worker
154;Viki;9;2;53326;Pilot
155;Evita;10;5;54346;worker
156;Lindie;10;4;87808;Civil Engineer
157;Addia;2;3;54280;doctor
158;Anthia;8;5;95707;Civil Engineer
159;Nonnah;2;1;85946;HR
160;Alex;10;3;85683;worker
161;Elvira;7;5;71501;doctor
162;Teriann;3;9;90580;worker
163;Fidelia;2;4;86156;"police officer "
164;Deirdre;1;4;89106;Pilot
165;Pierette;8;8;87934;Pilot
166;Edee;5;10;99878;worker
167;Amii;9;5;70658;firefighter
168;Ana;4;4;64360;HR
169;Lila;1;2;75463;Pilot
170;Lorne;7;3;57095;worker
171;Frieda;2;6;59482;Civil Engineer
172;Atlanta;4;6;50720;doctor
173;Andree;9;1;76555;developer
174;Ayn;3;7;70942;Pilot
175;Arlena;9;6;73204;firefighter
176;Belva;1;6;87837;HR
177;Lorenza;9;7;58990;worker
178;Maud;1;1;87021;Pilot
179;Madeleine;8;5;71083;HR
180;Sheree;7;8;68652;"police officer "
181;Gui;2;9;73049;Civil Engineer
182;Carolina;6;3;84112;developer
183;Lynde;1;7;74083;developer
184;Robbi;2;1;63881;Pilot
185;Jobi;9;3;69607;Civil Engineer
186;Katleen;1;4;91227;doctor
187;Adelle;7;7;96745;HR
188;Lanae;3;7;93000;Civil Engineer
189;Mildrid;6;3;78171;doctor
190;Celestyna;8;1;55036;Pilot
191;Aubrie;7;1;71581;firefighter
192;Millie;7;6;53407;Civil Engineer
193;Helsa;9;6;89144;Civil Engineer
194;Sabina;2;7;54913;developer
195;Sandie;4;4;99096;doctor
196;Celisse;5;7;95867;Pilot
197;Tiffie;7;7;81298;HR
198;Karolina;1;9;58324;worker
199;Carilyn;5;6;75059;worker